"row_id_test","p_hat","entropy","ess","ci_low","ci_high"
9,0.10902022482158,0.344461965117163,3421.68023321277,0.09901933231398,0.119910264095061
14,0.10902022482158,0.344461965117163,3421.68023321277,0.09901933231398,0.119910264095061
16,0.10902022482158,0.344461965117163,3421.68023321277,0.09901933231398,0.119910264095061
17,0.10902022482158,0.344461965117163,3421.68023321277,0.09901933231398,0.119910264095061
33,0.10902022482158,0.344461965117163,3421.68023321277,0.09901933231398,0.119910264095061
38,0.10902022482158,0.344461965117163,3421.68023321277,0.09901933231398,0.119910264095061
44,0.10902022482158,0.344461965117163,3421.68023321277,0.09901933231398,0.119910264095061
53,0.10902022482158,0.344461965117163,3421.68023321277,0.09901933231398,0.119910264095061
55,0.10902022482158,0.344461965117163,3421.68023321277,0.09901933231398,0.119910264095061
56,0.10902022482158,0.344461965117163,3421.68023321277,0.09901933231398,0.119910264095061
60,0.10902022482158,0.344461965117163,3421.68023321277,0.09901933231398,0.119910264095061
61,0.10902022482158,0.344461965117163,3421.68023321277,0.09901933231398,0.119910264095061
67,0.10902022482158,0.344461965117163,3421.68023321277,0.09901933231398,0.119910264095061
68,0.10902022482158,0.344461965117163,3421.68023321277,0.09901933231398,0.119910264095061
69,0.10902022482158,0.344461965117163,3421.68023321277,0.09901933231398,0.119910264095061
71,0.10902022482158,0.344461965117163,3421.68023321277,0.09901933231398,0.119910264095061
90,0.10902022482158,0.344461965117163,3421.68023321277,0.09901933231398,0.119910264095061
93,0.10902022482158,0.344461965117163,3421.68023321277,0.09901933231398,0.119910264095061
100,0.10902022482158,0.344461965117163,3421.68023321277,0.09901933231398,0.119910264095061
110,0.10902022482158,0.344461965117163,3421.68023321277,0.09901933231398,0.119910264095061
113,0.10902022482158,0.344461965117163,3421.68023321277,0.09901933231398,0.119910264095061
114,0.10902022482158,0.344461965117163,3421.68023321277,0.09901933231398,0.119910264095061
138,0.10902022482158,0.344461965117163,3421.68023321277,0.09901933231398,0.119910264095061
141,0.10902022482158,0.344461965117163,3421.68023321277,0.09901933231398,0.119910264095061
148,0.10902022482158,0.344461965117163,3421.68023321277,0.09901933231398,0.119910264095061
150,0.10902022482158,0.344461965117163,3421.68023321277,0.09901933231398,0.119910264095061
155,0.10902022482158,0.344461965117163,3421.68023321277,0.09901933231398,0.119910264095061
172,0.10902022482158,0.344461965117163,3421.68023321277,0.09901933231398,0.119910264095061
174,0.10902022482158,0.344461965117163,3421.68023321277,0.09901933231398,0.119910264095061
180,0.10902022482158,0.344461965117163,3421.68023321277,0.09901933231398,0.119910264095061
188,0.10902022482158,0.344461965117163,3421.68023321277,0.09901933231398,0.119910264095061
192,0.10902022482158,0.344461965117163,3421.68023321277,0.09901933231398,0.119910264095061
195,0.10902022482158,0.344461965117163,3421.68023321277,0.09901933231398,0.119910264095061
202,0.10902022482158,0.344461965117163,3421.68023321277,0.09901933231398,0.119910264095061
203,0.10902022482158,0.344461965117163,3421.68023321277,0.09901933231398,0.119910264095061
210,0.10902022482158,0.344461965117163,3421.68023321277,0.09901933231398,0.119910264095061
217,0.10902022482158,0.344461965117163,3421.68023321277,0.09901933231398,0.119910264095061
227,0.10902022482158,0.344461965117163,3421.68023321277,0.09901933231398,0.119910264095061
234,0.10902022482158,0.344461965117163,3421.68023321277,0.09901933231398,0.119910264095061
242,0.10902022482158,0.344461965117163,3421.68023321277,0.09901933231398,0.119910264095061
246,0.10902022482158,0.344461965117163,3421.68023321277,0.09901933231398,0.119910264095061
258,0.10902022482158,0.344461965117163,3421.68023321277,0.09901933231398,0.119910264095061
264,0.10902022482158,0.344461965117163,3421.68023321277,0.09901933231398,0.119910264095061
267,0.10902022482158,0.344461965117163,3421.68023321277,0.09901933231398,0.119910264095061
269,0.10902022482158,0.344461965117163,3421.68023321277,0.09901933231398,0.119910264095061
272,0.10902022482158,0.344461965117163,3421.68023321277,0.09901933231398,0.119910264095061
275,0.10902022482158,0.344461965117163,3421.68023321277,0.09901933231398,0.119910264095061
290,0.10902022482158,0.344461965117163,3421.68023321277,0.09901933231398,0.119910264095061
293,0.10902022482158,0.344461965117163,3421.68023321277,0.09901933231398,0.119910264095061
308,0.10902022482158,0.344461965117163,3421.68023321277,0.09901933231398,0.119910264095061
316,0.10902022482158,0.344461965117163,3421.68023321277,0.09901933231398,0.119910264095061
323,0.10902022482158,0.344461965117163,3421.68023321277,0.09901933231398,0.119910264095061
325,0.10902022482158,0.344461965117163,3421.68023321277,0.09901933231398,0.119910264095061
328,0.10902022482158,0.344461965117163,3421.68023321277,0.09901933231398,0.119910264095061
330,0.10902022482158,0.344461965117163,3421.68023321277,0.09901933231398,0.119910264095061
331,0.10902022482158,0.344461965117163,3421.68023321277,0.09901933231398,0.119910264095061
337,0.10902022482158,0.344461965117163,3421.68023321277,0.09901933231398,0.119910264095061
340,0.10902022482158,0.344461965117163,3421.68023321277,0.09901933231398,0.119910264095061
343,0.10902022482158,0.344461965117163,3421.68023321277,0.09901933231398,0.119910264095061
345,0.10902022482158,0.344461965117163,3421.68023321277,0.09901933231398,0.119910264095061
362,0.10902022482158,0.344461965117163,3421.68023321277,0.09901933231398,0.119910264095061
363,0.10902022482158,0.344461965117163,3421.68023321277,0.09901933231398,0.119910264095061
368,0.10902022482158,0.344461965117163,3421.68023321277,0.09901933231398,0.119910264095061
378,0.10902022482158,0.344461965117163,3421.68023321277,0.09901933231398,0.119910264095061
384,0.10902022482158,0.344461965117163,3421.68023321277,0.09901933231398,0.119910264095061
385,0.10902022482158,0.344461965117163,3421.68023321277,0.09901933231398,0.119910264095061
386,0.10902022482158,0.344461965117163,3421.68023321277,0.09901933231398,0.119910264095061
402,0.10902022482158,0.344461965117163,3421.68023321277,0.09901933231398,0.119910264095061
405,0.10902022482158,0.344461965117163,3421.68023321277,0.09901933231398,0.119910264095061
419,0.10902022482158,0.344461965117163,3421.68023321277,0.09901933231398,0.119910264095061
428,0.10902022482158,0.344461965117163,3421.68023321277,0.09901933231398,0.119910264095061
429,0.10902022482158,0.344461965117163,3421.68023321277,0.09901933231398,0.119910264095061
440,0.10902022482158,0.344461965117163,3421.68023321277,0.09901933231398,0.119910264095061
447,0.10902022482158,0.344461965117163,3421.68023321277,0.09901933231398,0.119910264095061
457,0.10902022482158,0.344461965117163,3421.68023321277,0.09901933231398,0.119910264095061
467,0.10902022482158,0.344461965117163,3421.68023321277,0.09901933231398,0.119910264095061
470,0.10902022482158,0.344461965117163,3421.68023321277,0.09901933231398,0.119910264095061
504,0.10902022482158,0.344461965117163,3421.68023321277,0.09901933231398,0.119910264095061
508,0.10902022482158,0.344461965117163,3421.68023321277,0.09901933231398,0.119910264095061
509,0.10902022482158,0.344461965117163,3421.68023321277,0.09901933231398,0.119910264095061
513,0.10902022482158,0.344461965117163,3421.68023321277,0.09901933231398,0.119910264095061
519,0.10902022482158,0.344461965117163,3421.68023321277,0.09901933231398,0.119910264095061
522,0.10902022482158,0.344461965117163,3421.68023321277,0.09901933231398,0.119910264095061
524,0.10902022482158,0.344461965117163,3421.68023321277,0.09901933231398,0.119910264095061
525,0.10902022482158,0.344461965117163,3421.68023321277,0.09901933231398,0.119910264095061
532,0.10902022482158,0.344461965117163,3421.68023321277,0.09901933231398,0.119910264095061
536,0.10902022482158,0.344461965117163,3421.68023321277,0.09901933231398,0.119910264095061
539,0.10902022482158,0.344461965117163,3421.68023321277,0.09901933231398,0.119910264095061
540,0.10902022482158,0.344461965117163,3421.68023321277,0.09901933231398,0.119910264095061
551,0.10902022482158,0.344461965117163,3421.68023321277,0.09901933231398,0.119910264095061
568,0.10902022482158,0.344461965117163,3421.68023321277,0.09901933231398,0.119910264095061
577,0.10902022482158,0.344461965117163,3421.68023321277,0.09901933231398,0.119910264095061
581,0.10902022482158,0.344461965117163,3421.68023321277,0.09901933231398,0.119910264095061
583,0.10902022482158,0.344461965117163,3421.68023321277,0.09901933231398,0.119910264095061
585,0.10902022482158,0.344461965117163,3421.68023321277,0.09901933231398,0.119910264095061
588,0.10902022482158,0.344461965117163,3421.68023321277,0.09901933231398,0.119910264095061
593,0.10902022482158,0.344461965117163,3421.68023321277,0.09901933231398,0.119910264095061
602,0.10902022482158,0.344461965117163,3421.68023321277,0.09901933231398,0.119910264095061
608,0.10902022482158,0.344461965117163,3421.68023321277,0.09901933231398,0.119910264095061
618,0.10902022482158,0.344461965117163,3421.68023321277,0.09901933231398,0.119910264095061
630,0.10902022482158,0.344461965117163,3421.68023321277,0.09901933231398,0.119910264095061
638,0.10902022482158,0.344461965117163,3421.68023321277,0.09901933231398,0.119910264095061
645,0.10902022482158,0.344461965117163,3421.68023321277,0.09901933231398,0.119910264095061
650,0.10902022482158,0.344461965117163,3421.68023321277,0.09901933231398,0.119910264095061
651,0.10902022482158,0.344461965117163,3421.68023321277,0.09901933231398,0.119910264095061
654,0.10902022482158,0.344461965117163,3421.68023321277,0.09901933231398,0.119910264095061
660,0.10902022482158,0.344461965117163,3421.68023321277,0.09901933231398,0.119910264095061
666,0.10902022482158,0.344461965117163,3421.68023321277,0.09901933231398,0.119910264095061
667,0.10902022482158,0.344461965117163,3421.68023321277,0.09901933231398,0.119910264095061
670,0.10902022482158,0.344461965117163,3421.68023321277,0.09901933231398,0.119910264095061
673,0.10902022482158,0.344461965117163,3421.68023321277,0.09901933231398,0.119910264095061
675,0.10902022482158,0.344461965117163,3421.68023321277,0.09901933231398,0.119910264095061
681,0.10902022482158,0.344461965117163,3421.68023321277,0.09901933231398,0.119910264095061
682,0.10902022482158,0.344461965117163,3421.68023321277,0.09901933231398,0.119910264095061
683,0.10902022482158,0.344461965117163,3421.68023321277,0.09901933231398,0.119910264095061
690,0.10902022482158,0.344461965117163,3421.68023321277,0.09901933231398,0.119910264095061
697,0.10902022482158,0.344461965117163,3421.68023321277,0.09901933231398,0.119910264095061
707,0.10902022482158,0.344461965117163,3421.68023321277,0.09901933231398,0.119910264095061
716,0.10902022482158,0.344461965117163,3421.68023321277,0.09901933231398,0.119910264095061
722,0.10902022482158,0.344461965117163,3421.68023321277,0.09901933231398,0.119910264095061
723,0.10902022482158,0.344461965117163,3421.68023321277,0.09901933231398,0.119910264095061
728,0.10902022482158,0.344461965117163,3421.68023321277,0.09901933231398,0.119910264095061
733,0.10902022482158,0.344461965117163,3421.68023321277,0.09901933231398,0.119910264095061
746,0.10902022482158,0.344461965117163,3421.68023321277,0.09901933231398,0.119910264095061
748,0.10902022482158,0.344461965117163,3421.68023321277,0.09901933231398,0.119910264095061
753,0.10902022482158,0.344461965117163,3421.68023321277,0.09901933231398,0.119910264095061
760,0.10902022482158,0.344461965117163,3421.68023321277,0.09901933231398,0.119910264095061
761,0.10902022482158,0.344461965117163,3421.68023321277,0.09901933231398,0.119910264095061
766,0.10902022482158,0.344461965117163,3421.68023321277,0.09901933231398,0.119910264095061
781,0.10902022482158,0.344461965117163,3421.68023321277,0.09901933231398,0.119910264095061
789,0.10902022482158,0.344461965117163,3421.68023321277,0.09901933231398,0.119910264095061
790,0.10902022482158,0.344461965117163,3421.68023321277,0.09901933231398,0.119910264095061
804,0.10902022482158,0.344461965117163,3421.68023321277,0.09901933231398,0.119910264095061
807,0.10902022482158,0.344461965117163,3421.68023321277,0.09901933231398,0.119910264095061
808,0.10902022482158,0.344461965117163,3421.68023321277,0.09901933231398,0.119910264095061
809,0.10902022482158,0.344461965117163,3421.68023321277,0.09901933231398,0.119910264095061
814,0.10902022482158,0.344461965117163,3421.68023321277,0.09901933231398,0.119910264095061
820,0.10902022482158,0.344461965117163,3421.68023321277,0.09901933231398,0.119910264095061
822,0.10902022482158,0.344461965117163,3421.68023321277,0.09901933231398,0.119910264095061
824,0.10902022482158,0.344461965117163,3421.68023321277,0.09901933231398,0.119910264095061
826,0.10902022482158,0.344461965117163,3421.68023321277,0.09901933231398,0.119910264095061
830,0.10902022482158,0.344461965117163,3421.68023321277,0.09901933231398,0.119910264095061
833,0.10902022482158,0.344461965117163,3421.68023321277,0.09901933231398,0.119910264095061
839,0.10902022482158,0.344461965117163,3421.68023321277,0.09901933231398,0.119910264095061
842,0.10902022482158,0.344461965117163,3421.68023321277,0.09901933231398,0.119910264095061
844,0.10902022482158,0.344461965117163,3421.68023321277,0.09901933231398,0.119910264095061
855,0.10902022482158,0.344461965117163,3421.68023321277,0.09901933231398,0.119910264095061
861,0.10902022482158,0.344461965117163,3421.68023321277,0.09901933231398,0.119910264095061
862,0.10902022482158,0.344461965117163,3421.68023321277,0.09901933231398,0.119910264095061
863,0.10902022482158,0.344461965117163,3421.68023321277,0.09901933231398,0.119910264095061
864,0.10902022482158,0.344461965117163,3421.68023321277,0.09901933231398,0.119910264095061
867,0.10902022482158,0.344461965117163,3421.68023321277,0.09901933231398,0.119910264095061
868,0.10902022482158,0.344461965117163,3421.68023321277,0.09901933231398,0.119910264095061
879,0.10902022482158,0.344461965117163,3421.68023321277,0.09901933231398,0.119910264095061
880,0.10902022482158,0.344461965117163,3421.68023321277,0.09901933231398,0.119910264095061
884,0.10902022482158,0.344461965117163,3421.68023321277,0.09901933231398,0.119910264095061
890,0.10902022482158,0.344461965117163,3421.68023321277,0.09901933231398,0.119910264095061
897,0.10902022482158,0.344461965117163,3421.68023321277,0.09901933231398,0.119910264095061
898,0.10902022482158,0.344461965117163,3421.68023321277,0.09901933231398,0.119910264095061
899,0.10902022482158,0.344461965117163,3421.68023321277,0.09901933231398,0.119910264095061
908,0.10902022482158,0.344461965117163,3421.68023321277,0.09901933231398,0.119910264095061
913,0.10902022482158,0.344461965117163,3421.68023321277,0.09901933231398,0.119910264095061
922,0.10902022482158,0.344461965117163,3421.68023321277,0.09901933231398,0.119910264095061
923,0.10902022482158,0.344461965117163,3421.68023321277,0.09901933231398,0.119910264095061
927,0.10902022482158,0.344461965117163,3421.68023321277,0.09901933231398,0.119910264095061
929,0.10902022482158,0.344461965117163,3421.68023321277,0.09901933231398,0.119910264095061
930,0.10902022482158,0.344461965117163,3421.68023321277,0.09901933231398,0.119910264095061
935,0.10902022482158,0.344461965117163,3421.68023321277,0.09901933231398,0.119910264095061
937,0.10902022482158,0.344461965117163,3421.68023321277,0.09901933231398,0.119910264095061
940,0.10902022482158,0.344461965117163,3421.68023321277,0.09901933231398,0.119910264095061
941,0.10902022482158,0.344461965117163,3421.68023321277,0.09901933231398,0.119910264095061
948,0.10902022482158,0.344461965117163,3421.68023321277,0.09901933231398,0.119910264095061
950,0.10902022482158,0.344461965117163,3421.68023321277,0.09901933231398,0.119910264095061
958,0.10902022482158,0.344461965117163,3421.68023321277,0.09901933231398,0.119910264095061
962,0.10902022482158,0.344461965117163,3421.68023321277,0.09901933231398,0.119910264095061
968,0.10902022482158,0.344461965117163,3421.68023321277,0.09901933231398,0.119910264095061
976,0.10902022482158,0.344461965117163,3421.68023321277,0.09901933231398,0.119910264095061
980,0.10902022482158,0.344461965117163,3421.68023321277,0.09901933231398,0.119910264095061
982,0.10902022482158,0.344461965117163,3421.68023321277,0.09901933231398,0.119910264095061
984,0.10902022482158,0.344461965117163,3421.68023321277,0.09901933231398,0.119910264095061
990,0.10902022482158,0.344461965117163,3421.68023321277,0.09901933231398,0.119910264095061
991,0.10902022482158,0.344461965117163,3421.68023321277,0.09901933231398,0.119910264095061
995,0.10902022482158,0.344461965117163,3421.68023321277,0.09901933231398,0.119910264095061
1000,0.10902022482158,0.344461965117163,3421.68023321277,0.09901933231398,0.119910264095061
1001,0.10902022482158,0.344461965117163,3421.68023321277,0.09901933231398,0.119910264095061
1004,0.10902022482158,0.344461965117163,3421.68023321277,0.09901933231398,0.119910264095061
1005,0.10902022482158,0.344461965117163,3421.68023321277,0.09901933231398,0.119910264095061
1006,0.10902022482158,0.344461965117163,3421.68023321277,0.09901933231398,0.119910264095061
1012,0.10902022482158,0.344461965117163,3421.68023321277,0.09901933231398,0.119910264095061
1018,0.10902022482158,0.344461965117163,3421.68023321277,0.09901933231398,0.119910264095061
1026,0.10902022482158,0.344461965117163,3421.68023321277,0.09901933231398,0.119910264095061
1034,0.10902022482158,0.344461965117163,3421.68023321277,0.09901933231398,0.119910264095061
1036,0.10902022482158,0.344461965117163,3421.68023321277,0.09901933231398,0.119910264095061
1040,0.10902022482158,0.344461965117163,3421.68023321277,0.09901933231398,0.119910264095061
1049,0.10902022482158,0.344461965117163,3421.68023321277,0.09901933231398,0.119910264095061
1051,0.10902022482158,0.344461965117163,3421.68023321277,0.09901933231398,0.119910264095061
1062,0.10902022482158,0.344461965117163,3421.68023321277,0.09901933231398,0.119910264095061
1067,0.10902022482158,0.344461965117163,3421.68023321277,0.09901933231398,0.119910264095061
1068,0.10902022482158,0.344461965117163,3421.68023321277,0.09901933231398,0.119910264095061
1071,0.10902022482158,0.344461965117163,3421.68023321277,0.09901933231398,0.119910264095061
1076,0.10902022482158,0.344461965117163,3421.68023321277,0.09901933231398,0.119910264095061
1081,0.10902022482158,0.344461965117163,3421.68023321277,0.09901933231398,0.119910264095061
1087,0.10902022482158,0.344461965117163,3421.68023321277,0.09901933231398,0.119910264095061
1089,0.10902022482158,0.344461965117163,3421.68023321277,0.09901933231398,0.119910264095061
1100,0.10902022482158,0.344461965117163,3421.68023321277,0.09901933231398,0.119910264095061
1103,0.10902022482158,0.344461965117163,3421.68023321277,0.09901933231398,0.119910264095061
1105,0.10902022482158,0.344461965117163,3421.68023321277,0.09901933231398,0.119910264095061
1106,0.10902022482158,0.344461965117163,3421.68023321277,0.09901933231398,0.119910264095061
1107,0.10902022482158,0.344461965117163,3421.68023321277,0.09901933231398,0.119910264095061
1121,0.10902022482158,0.344461965117163,3421.68023321277,0.09901933231398,0.119910264095061
1127,0.10902022482158,0.344461965117163,3421.68023321277,0.09901933231398,0.119910264095061
1128,0.10902022482158,0.344461965117163,3421.68023321277,0.09901933231398,0.119910264095061
1131,0.10902022482158,0.344461965117163,3421.68023321277,0.09901933231398,0.119910264095061
1135,0.10902022482158,0.344461965117163,3421.68023321277,0.09901933231398,0.119910264095061
1138,0.10902022482158,0.344461965117163,3421.68023321277,0.09901933231398,0.119910264095061
1140,0.10902022482158,0.344461965117163,3421.68023321277,0.09901933231398,0.119910264095061
1149,0.10902022482158,0.344461965117163,3421.68023321277,0.09901933231398,0.119910264095061
1156,0.10902022482158,0.344461965117163,3421.68023321277,0.09901933231398,0.119910264095061
1157,0.10902022482158,0.344461965117163,3421.68023321277,0.09901933231398,0.119910264095061
1166,0.10902022482158,0.344461965117163,3421.68023321277,0.09901933231398,0.119910264095061
1171,0.10902022482158,0.344461965117163,3421.68023321277,0.09901933231398,0.119910264095061
1172,0.10902022482158,0.344461965117163,3421.68023321277,0.09901933231398,0.119910264095061
1179,0.10902022482158,0.344461965117163,3421.68023321277,0.09901933231398,0.119910264095061
1189,0.10902022482158,0.344461965117163,3421.68023321277,0.09901933231398,0.119910264095061
1193,0.10902022482158,0.344461965117163,3421.68023321277,0.09901933231398,0.119910264095061
1197,0.10902022482158,0.344461965117163,3421.68023321277,0.09901933231398,0.119910264095061
1200,0.10902022482158,0.344461965117163,3421.68023321277,0.09901933231398,0.119910264095061
1205,0.10902022482158,0.344461965117163,3421.68023321277,0.09901933231398,0.119910264095061
1211,0.10902022482158,0.344461965117163,3421.68023321277,0.09901933231398,0.119910264095061
1216,0.10902022482158,0.344461965117163,3421.68023321277,0.09901933231398,0.119910264095061
1219,0.10902022482158,0.344461965117163,3421.68023321277,0.09901933231398,0.119910264095061
1227,0.10902022482158,0.344461965117163,3421.68023321277,0.09901933231398,0.119910264095061
1234,0.10902022482158,0.344461965117163,3421.68023321277,0.09901933231398,0.119910264095061
1236,0.10902022482158,0.344461965117163,3421.68023321277,0.09901933231398,0.119910264095061
1242,0.10902022482158,0.344461965117163,3421.68023321277,0.09901933231398,0.119910264095061
1243,0.10902022482158,0.344461965117163,3421.68023321277,0.09901933231398,0.119910264095061
1250,0.10902022482158,0.344461965117163,3421.68023321277,0.09901933231398,0.119910264095061
1256,0.10902022482158,0.344461965117163,3421.68023321277,0.09901933231398,0.119910264095061
1259,0.10902022482158,0.344461965117163,3421.68023321277,0.09901933231398,0.119910264095061
1275,0.10902022482158,0.344461965117163,3421.68023321277,0.09901933231398,0.119910264095061
1278,0.10902022482158,0.344461965117163,3421.68023321277,0.09901933231398,0.119910264095061
1284,0.10902022482158,0.344461965117163,3421.68023321277,0.09901933231398,0.119910264095061
1285,0.10902022482158,0.344461965117163,3421.68023321277,0.09901933231398,0.119910264095061
1286,0.10902022482158,0.344461965117163,3421.68023321277,0.09901933231398,0.119910264095061
1288,0.10902022482158,0.344461965117163,3421.68023321277,0.09901933231398,0.119910264095061
1294,0.10902022482158,0.344461965117163,3421.68023321277,0.09901933231398,0.119910264095061
1298,0.10902022482158,0.344461965117163,3421.68023321277,0.09901933231398,0.119910264095061
1308,0.10902022482158,0.344461965117163,3421.68023321277,0.09901933231398,0.119910264095061
1310,0.10902022482158,0.344461965117163,3421.68023321277,0.09901933231398,0.119910264095061
1320,0.10902022482158,0.344461965117163,3421.68023321277,0.09901933231398,0.119910264095061
1327,0.10902022482158,0.344461965117163,3421.68023321277,0.09901933231398,0.119910264095061
1330,0.10902022482158,0.344461965117163,3421.68023321277,0.09901933231398,0.119910264095061
1341,0.10902022482158,0.344461965117163,3421.68023321277,0.09901933231398,0.119910264095061
1349,0.10902022482158,0.344461965117163,3421.68023321277,0.09901933231398,0.119910264095061
1351,0.10902022482158,0.344461965117163,3421.68023321277,0.09901933231398,0.119910264095061
1354,0.10902022482158,0.344461965117163,3421.68023321277,0.09901933231398,0.119910264095061
1361,0.10902022482158,0.344461965117163,3421.68023321277,0.09901933231398,0.119910264095061
1365,0.10902022482158,0.344461965117163,3421.68023321277,0.09901933231398,0.119910264095061
1372,0.10902022482158,0.344461965117163,3421.68023321277,0.09901933231398,0.119910264095061
1374,0.10902022482158,0.344461965117163,3421.68023321277,0.09901933231398,0.119910264095061
1376,0.10902022482158,0.344461965117163,3421.68023321277,0.09901933231398,0.119910264095061
1377,0.10902022482158,0.344461965117163,3421.68023321277,0.09901933231398,0.119910264095061
1378,0.10902022482158,0.344461965117163,3421.68023321277,0.09901933231398,0.119910264095061
1397,0.10902022482158,0.344461965117163,3421.68023321277,0.09901933231398,0.119910264095061
1400,0.10902022482158,0.344461965117163,3421.68023321277,0.09901933231398,0.119910264095061
1405,0.10902022482158,0.344461965117163,3421.68023321277,0.09901933231398,0.119910264095061
1421,0.10902022482158,0.344461965117163,3421.68023321277,0.09901933231398,0.119910264095061
1424,0.10902022482158,0.344461965117163,3421.68023321277,0.09901933231398,0.119910264095061
1430,0.10902022482158,0.344461965117163,3421.68023321277,0.09901933231398,0.119910264095061
1437,0.10902022482158,0.344461965117163,3421.68023321277,0.09901933231398,0.119910264095061
1441,0.10902022482158,0.344461965117163,3421.68023321277,0.09901933231398,0.119910264095061
1443,0.10902022482158,0.344461965117163,3421.68023321277,0.09901933231398,0.119910264095061
1445,0.10902022482158,0.344461965117163,3421.68023321277,0.09901933231398,0.119910264095061
1468,0.10902022482158,0.344461965117163,3421.68023321277,0.09901933231398,0.119910264095061
1474,0.10902022482158,0.344461965117163,3421.68023321277,0.09901933231398,0.119910264095061
1492,0.10902022482158,0.344461965117163,3421.68023321277,0.09901933231398,0.119910264095061
1494,0.10902022482158,0.344461965117163,3421.68023321277,0.09901933231398,0.119910264095061
1503,0.10902022482158,0.344461965117163,3421.68023321277,0.09901933231398,0.119910264095061
1508,0.10902022482158,0.344461965117163,3421.68023321277,0.09901933231398,0.119910264095061
1511,0.10902022482158,0.344461965117163,3421.68023321277,0.09901933231398,0.119910264095061
1513,0.10902022482158,0.344461965117163,3421.68023321277,0.09901933231398,0.119910264095061
1523,0.10902022482158,0.344461965117163,3421.68023321277,0.09901933231398,0.119910264095061
1530,0.10902022482158,0.344461965117163,3421.68023321277,0.09901933231398,0.119910264095061
1534,0.10902022482158,0.344461965117163,3421.68023321277,0.09901933231398,0.119910264095061
1539,0.10902022482158,0.344461965117163,3421.68023321277,0.09901933231398,0.119910264095061
1544,0.10902022482158,0.344461965117163,3421.68023321277,0.09901933231398,0.119910264095061
1550,0.10902022482158,0.344461965117163,3421.68023321277,0.09901933231398,0.119910264095061
1551,0.10902022482158,0.344461965117163,3421.68023321277,0.09901933231398,0.119910264095061
1560,0.10902022482158,0.344461965117163,3421.68023321277,0.09901933231398,0.119910264095061
1561,0.10902022482158,0.344461965117163,3421.68023321277,0.09901933231398,0.119910264095061
1565,0.10902022482158,0.344461965117163,3421.68023321277,0.09901933231398,0.119910264095061
1567,0.10902022482158,0.344461965117163,3421.68023321277,0.09901933231398,0.119910264095061
1569,0.10902022482158,0.344461965117163,3421.68023321277,0.09901933231398,0.119910264095061
1570,0.10902022482158,0.344461965117163,3421.68023321277,0.09901933231398,0.119910264095061
1574,0.10902022482158,0.344461965117163,3421.68023321277,0.09901933231398,0.119910264095061
1579,0.10902022482158,0.344461965117163,3421.68023321277,0.09901933231398,0.119910264095061
1584,0.10902022482158,0.344461965117163,3421.68023321277,0.09901933231398,0.119910264095061
1586,0.10902022482158,0.344461965117163,3421.68023321277,0.09901933231398,0.119910264095061
1590,0.10902022482158,0.344461965117163,3421.68023321277,0.09901933231398,0.119910264095061
1600,0.10902022482158,0.344461965117163,3421.68023321277,0.09901933231398,0.119910264095061
1602,0.10902022482158,0.344461965117163,3421.68023321277,0.09901933231398,0.119910264095061
1606,0.10902022482158,0.344461965117163,3421.68023321277,0.09901933231398,0.119910264095061
1613,0.10902022482158,0.344461965117163,3421.68023321277,0.09901933231398,0.119910264095061
1614,0.10902022482158,0.344461965117163,3421.68023321277,0.09901933231398,0.119910264095061
1616,0.10902022482158,0.344461965117163,3421.68023321277,0.09901933231398,0.119910264095061
1617,0.10902022482158,0.344461965117163,3421.68023321277,0.09901933231398,0.119910264095061
1619,0.10902022482158,0.344461965117163,3421.68023321277,0.09901933231398,0.119910264095061
1623,0.10902022482158,0.344461965117163,3421.68023321277,0.09901933231398,0.119910264095061
1624,0.10902022482158,0.344461965117163,3421.68023321277,0.09901933231398,0.119910264095061
1626,0.10902022482158,0.344461965117163,3421.68023321277,0.09901933231398,0.119910264095061
1629,0.10902022482158,0.344461965117163,3421.68023321277,0.09901933231398,0.119910264095061
1638,0.10902022482158,0.344461965117163,3421.68023321277,0.09901933231398,0.119910264095061
1641,0.10902022482158,0.344461965117163,3421.68023321277,0.09901933231398,0.119910264095061
1643,0.10902022482158,0.344461965117163,3421.68023321277,0.09901933231398,0.119910264095061
1648,0.10902022482158,0.344461965117163,3421.68023321277,0.09901933231398,0.119910264095061
1649,0.10902022482158,0.344461965117163,3421.68023321277,0.09901933231398,0.119910264095061
1661,0.10902022482158,0.344461965117163,3421.68023321277,0.09901933231398,0.119910264095061
1664,0.10902022482158,0.344461965117163,3421.68023321277,0.09901933231398,0.119910264095061
1665,0.10902022482158,0.344461965117163,3421.68023321277,0.09901933231398,0.119910264095061
1666,0.10902022482158,0.344461965117163,3421.68023321277,0.09901933231398,0.119910264095061
1669,0.10902022482158,0.344461965117163,3421.68023321277,0.09901933231398,0.119910264095061
1675,0.10902022482158,0.344461965117163,3421.68023321277,0.09901933231398,0.119910264095061
1678,0.10902022482158,0.344461965117163,3421.68023321277,0.09901933231398,0.119910264095061
1683,0.10902022482158,0.344461965117163,3421.68023321277,0.09901933231398,0.119910264095061
1684,0.10902022482158,0.344461965117163,3421.68023321277,0.09901933231398,0.119910264095061
1685,0.10902022482158,0.344461965117163,3421.68023321277,0.09901933231398,0.119910264095061
1690,0.10902022482158,0.344461965117163,3421.68023321277,0.09901933231398,0.119910264095061
1692,0.10902022482158,0.344461965117163,3421.68023321277,0.09901933231398,0.119910264095061
1693,0.10902022482158,0.344461965117163,3421.68023321277,0.09901933231398,0.119910264095061
1703,0.10902022482158,0.344461965117163,3421.68023321277,0.09901933231398,0.119910264095061
1709,0.10902022482158,0.344461965117163,3421.68023321277,0.09901933231398,0.119910264095061
1710,0.10902022482158,0.344461965117163,3421.68023321277,0.09901933231398,0.119910264095061
1727,0.10902022482158,0.344461965117163,3421.68023321277,0.09901933231398,0.119910264095061
1733,0.10902022482158,0.344461965117163,3421.68023321277,0.09901933231398,0.119910264095061
1737,0.10902022482158,0.344461965117163,3421.68023321277,0.09901933231398,0.119910264095061
1740,0.10902022482158,0.344461965117163,3421.68023321277,0.09901933231398,0.119910264095061
1757,0.10902022482158,0.344461965117163,3421.68023321277,0.09901933231398,0.119910264095061
1764,0.10902022482158,0.344461965117163,3421.68023321277,0.09901933231398,0.119910264095061
1765,0.10902022482158,0.344461965117163,3421.68023321277,0.09901933231398,0.119910264095061
1766,0.10902022482158,0.344461965117163,3421.68023321277,0.09901933231398,0.119910264095061
1779,0.10902022482158,0.344461965117163,3421.68023321277,0.09901933231398,0.119910264095061
1780,0.10902022482158,0.344461965117163,3421.68023321277,0.09901933231398,0.119910264095061
1784,0.10902022482158,0.344461965117163,3421.68023321277,0.09901933231398,0.119910264095061
1788,0.10902022482158,0.344461965117163,3421.68023321277,0.09901933231398,0.119910264095061
1790,0.10902022482158,0.344461965117163,3421.68023321277,0.09901933231398,0.119910264095061
1791,0.10902022482158,0.344461965117163,3421.68023321277,0.09901933231398,0.119910264095061
1792,0.10902022482158,0.344461965117163,3421.68023321277,0.09901933231398,0.119910264095061
1796,0.10902022482158,0.344461965117163,3421.68023321277,0.09901933231398,0.119910264095061
1800,0.10902022482158,0.344461965117163,3421.68023321277,0.09901933231398,0.119910264095061
1803,0.10902022482158,0.344461965117163,3421.68023321277,0.09901933231398,0.119910264095061
1804,0.10902022482158,0.344461965117163,3421.68023321277,0.09901933231398,0.119910264095061
1811,0.10902022482158,0.344461965117163,3421.68023321277,0.09901933231398,0.119910264095061
1815,0.10902022482158,0.344461965117163,3421.68023321277,0.09901933231398,0.119910264095061
1830,0.10902022482158,0.344461965117163,3421.68023321277,0.09901933231398,0.119910264095061
1835,0.10902022482158,0.344461965117163,3421.68023321277,0.09901933231398,0.119910264095061
1840,0.10902022482158,0.344461965117163,3421.68023321277,0.09901933231398,0.119910264095061
1847,0.10902022482158,0.344461965117163,3421.68023321277,0.09901933231398,0.119910264095061
1854,0.10902022482158,0.344461965117163,3421.68023321277,0.09901933231398,0.119910264095061
1855,0.10902022482158,0.344461965117163,3421.68023321277,0.09901933231398,0.119910264095061
1864,0.10902022482158,0.344461965117163,3421.68023321277,0.09901933231398,0.119910264095061
1865,0.10902022482158,0.344461965117163,3421.68023321277,0.09901933231398,0.119910264095061
1876,0.10902022482158,0.344461965117163,3421.68023321277,0.09901933231398,0.119910264095061
1880,0.10902022482158,0.344461965117163,3421.68023321277,0.09901933231398,0.119910264095061
1882,0.10902022482158,0.344461965117163,3421.68023321277,0.09901933231398,0.119910264095061
1897,0.10902022482158,0.344461965117163,3421.68023321277,0.09901933231398,0.119910264095061
1901,0.10902022482158,0.344461965117163,3421.68023321277,0.09901933231398,0.119910264095061
1906,0.10902022482158,0.344461965117163,3421.68023321277,0.09901933231398,0.119910264095061
1908,0.10902022482158,0.344461965117163,3421.68023321277,0.09901933231398,0.119910264095061
1912,0.10902022482158,0.344461965117163,3421.68023321277,0.09901933231398,0.119910264095061
1918,0.10902022482158,0.344461965117163,3421.68023321277,0.09901933231398,0.119910264095061
1930,0.10902022482158,0.344461965117163,3421.68023321277,0.09901933231398,0.119910264095061
1970,0.10902022482158,0.344461965117163,3421.68023321277,0.09901933231398,0.119910264095061
1973,0.10902022482158,0.344461965117163,3421.68023321277,0.09901933231398,0.119910264095061
1982,0.10902022482158,0.344461965117163,3421.68023321277,0.09901933231398,0.119910264095061
1983,0.10902022482158,0.344461965117163,3421.68023321277,0.09901933231398,0.119910264095061
1986,0.10902022482158,0.344461965117163,3421.68023321277,0.09901933231398,0.119910264095061
1987,0.10902022482158,0.344461965117163,3421.68023321277,0.09901933231398,0.119910264095061
1989,0.10902022482158,0.344461965117163,3421.68023321277,0.09901933231398,0.119910264095061
1990,0.10902022482158,0.344461965117163,3421.68023321277,0.09901933231398,0.119910264095061
1991,0.10902022482158,0.344461965117163,3421.68023321277,0.09901933231398,0.119910264095061
1994,0.10902022482158,0.344461965117163,3421.68023321277,0.09901933231398,0.119910264095061
2006,0.10902022482158,0.344461965117163,3421.68023321277,0.09901933231398,0.119910264095061
2008,0.10902022482158,0.344461965117163,3421.68023321277,0.09901933231398,0.119910264095061
2024,0.10902022482158,0.344461965117163,3421.68023321277,0.09901933231398,0.119910264095061
2031,0.10902022482158,0.344461965117163,3421.68023321277,0.09901933231398,0.119910264095061
2032,0.10902022482158,0.344461965117163,3421.68023321277,0.09901933231398,0.119910264095061
2036,0.10902022482158,0.344461965117163,3421.68023321277,0.09901933231398,0.119910264095061
2047,0.10902022482158,0.344461965117163,3421.68023321277,0.09901933231398,0.119910264095061
2048,0.10902022482158,0.344461965117163,3421.68023321277,0.09901933231398,0.119910264095061
2057,0.10902022482158,0.344461965117163,3421.68023321277,0.09901933231398,0.119910264095061
2059,0.10902022482158,0.344461965117163,3421.68023321277,0.09901933231398,0.119910264095061
2063,0.10902022482158,0.344461965117163,3421.68023321277,0.09901933231398,0.119910264095061
2069,0.10902022482158,0.344461965117163,3421.68023321277,0.09901933231398,0.119910264095061
2076,0.10902022482158,0.344461965117163,3421.68023321277,0.09901933231398,0.119910264095061
2081,0.10902022482158,0.344461965117163,3421.68023321277,0.09901933231398,0.119910264095061
2083,0.10902022482158,0.344461965117163,3421.68023321277,0.09901933231398,0.119910264095061
2095,0.10902022482158,0.344461965117163,3421.68023321277,0.09901933231398,0.119910264095061
2101,0.10902022482158,0.344461965117163,3421.68023321277,0.09901933231398,0.119910264095061
2102,0.10902022482158,0.344461965117163,3421.68023321277,0.09901933231398,0.119910264095061
2104,0.10902022482158,0.344461965117163,3421.68023321277,0.09901933231398,0.119910264095061
2110,0.10902022482158,0.344461965117163,3421.68023321277,0.09901933231398,0.119910264095061
2111,0.10902022482158,0.344461965117163,3421.68023321277,0.09901933231398,0.119910264095061
2113,0.10902022482158,0.344461965117163,3421.68023321277,0.09901933231398,0.119910264095061
2115,0.10902022482158,0.344461965117163,3421.68023321277,0.09901933231398,0.119910264095061
2116,0.10902022482158,0.344461965117163,3421.68023321277,0.09901933231398,0.119910264095061
2121,0.10902022482158,0.344461965117163,3421.68023321277,0.09901933231398,0.119910264095061
2127,0.10902022482158,0.344461965117163,3421.68023321277,0.09901933231398,0.119910264095061
2137,0.10902022482158,0.344461965117163,3421.68023321277,0.09901933231398,0.119910264095061
2143,0.10902022482158,0.344461965117163,3421.68023321277,0.09901933231398,0.119910264095061
2150,0.10902022482158,0.344461965117163,3421.68023321277,0.09901933231398,0.119910264095061
2159,0.10902022482158,0.344461965117163,3421.68023321277,0.09901933231398,0.119910264095061
2163,0.10902022482158,0.344461965117163,3421.68023321277,0.09901933231398,0.119910264095061
2164,0.10902022482158,0.344461965117163,3421.68023321277,0.09901933231398,0.119910264095061
2166,0.10902022482158,0.344461965117163,3421.68023321277,0.09901933231398,0.119910264095061
2169,0.10902022482158,0.344461965117163,3421.68023321277,0.09901933231398,0.119910264095061
2171,0.10902022482158,0.344461965117163,3421.68023321277,0.09901933231398,0.119910264095061
2172,0.10902022482158,0.344461965117163,3421.68023321277,0.09901933231398,0.119910264095061
2184,0.10902022482158,0.344461965117163,3421.68023321277,0.09901933231398,0.119910264095061
2196,0.10902022482158,0.344461965117163,3421.68023321277,0.09901933231398,0.119910264095061
2201,0.10902022482158,0.344461965117163,3421.68023321277,0.09901933231398,0.119910264095061
2203,0.10902022482158,0.344461965117163,3421.68023321277,0.09901933231398,0.119910264095061
2221,0.10902022482158,0.344461965117163,3421.68023321277,0.09901933231398,0.119910264095061
2223,0.10902022482158,0.344461965117163,3421.68023321277,0.09901933231398,0.119910264095061
2224,0.10902022482158,0.344461965117163,3421.68023321277,0.09901933231398,0.119910264095061
2228,0.10902022482158,0.344461965117163,3421.68023321277,0.09901933231398,0.119910264095061
2230,0.10902022482158,0.344461965117163,3421.68023321277,0.09901933231398,0.119910264095061
2232,0.10902022482158,0.344461965117163,3421.68023321277,0.09901933231398,0.119910264095061
2233,0.10902022482158,0.344461965117163,3421.68023321277,0.09901933231398,0.119910264095061
2237,0.10902022482158,0.344461965117163,3421.68023321277,0.09901933231398,0.119910264095061
2239,0.10902022482158,0.344461965117163,3421.68023321277,0.09901933231398,0.119910264095061
2245,0.10902022482158,0.344461965117163,3421.68023321277,0.09901933231398,0.119910264095061
2246,0.10902022482158,0.344461965117163,3421.68023321277,0.09901933231398,0.119910264095061
2258,0.10902022482158,0.344461965117163,3421.68023321277,0.09901933231398,0.119910264095061
2261,0.10902022482158,0.344461965117163,3421.68023321277,0.09901933231398,0.119910264095061
2273,0.10902022482158,0.344461965117163,3421.68023321277,0.09901933231398,0.119910264095061
2276,0.10902022482158,0.344461965117163,3421.68023321277,0.09901933231398,0.119910264095061
2278,0.10902022482158,0.344461965117163,3421.68023321277,0.09901933231398,0.119910264095061
2282,0.10902022482158,0.344461965117163,3421.68023321277,0.09901933231398,0.119910264095061
2287,0.10902022482158,0.344461965117163,3421.68023321277,0.09901933231398,0.119910264095061
2291,0.10902022482158,0.344461965117163,3421.68023321277,0.09901933231398,0.119910264095061
2299,0.10902022482158,0.344461965117163,3421.68023321277,0.09901933231398,0.119910264095061
2300,0.10902022482158,0.344461965117163,3421.68023321277,0.09901933231398,0.119910264095061
2306,0.10902022482158,0.344461965117163,3421.68023321277,0.09901933231398,0.119910264095061
2308,0.10902022482158,0.344461965117163,3421.68023321277,0.09901933231398,0.119910264095061
2310,0.10902022482158,0.344461965117163,3421.68023321277,0.09901933231398,0.119910264095061
2312,0.10902022482158,0.344461965117163,3421.68023321277,0.09901933231398,0.119910264095061
2322,0.10902022482158,0.344461965117163,3421.68023321277,0.09901933231398,0.119910264095061
2336,0.10902022482158,0.344461965117163,3421.68023321277,0.09901933231398,0.119910264095061
2345,0.10902022482158,0.344461965117163,3421.68023321277,0.09901933231398,0.119910264095061
2348,0.10902022482158,0.344461965117163,3421.68023321277,0.09901933231398,0.119910264095061
2351,0.10902022482158,0.344461965117163,3421.68023321277,0.09901933231398,0.119910264095061
2352,0.10902022482158,0.344461965117163,3421.68023321277,0.09901933231398,0.119910264095061
2354,0.10902022482158,0.344461965117163,3421.68023321277,0.09901933231398,0.119910264095061
2357,0.10902022482158,0.344461965117163,3421.68023321277,0.09901933231398,0.119910264095061
2365,0.10902022482158,0.344461965117163,3421.68023321277,0.09901933231398,0.119910264095061
2367,0.10902022482158,0.344461965117163,3421.68023321277,0.09901933231398,0.119910264095061
2370,0.10902022482158,0.344461965117163,3421.68023321277,0.09901933231398,0.119910264095061
2371,0.10902022482158,0.344461965117163,3421.68023321277,0.09901933231398,0.119910264095061
2372,0.10902022482158,0.344461965117163,3421.68023321277,0.09901933231398,0.119910264095061
2379,0.10902022482158,0.344461965117163,3421.68023321277,0.09901933231398,0.119910264095061
2381,0.10902022482158,0.344461965117163,3421.68023321277,0.09901933231398,0.119910264095061
2387,0.10902022482158,0.344461965117163,3421.68023321277,0.09901933231398,0.119910264095061
2397,0.10902022482158,0.344461965117163,3421.68023321277,0.09901933231398,0.119910264095061
2411,0.10902022482158,0.344461965117163,3421.68023321277,0.09901933231398,0.119910264095061
2414,0.10902022482158,0.344461965117163,3421.68023321277,0.09901933231398,0.119910264095061
2415,0.10902022482158,0.344461965117163,3421.68023321277,0.09901933231398,0.119910264095061
2420,0.10902022482158,0.344461965117163,3421.68023321277,0.09901933231398,0.119910264095061
2422,0.10902022482158,0.344461965117163,3421.68023321277,0.09901933231398,0.119910264095061
2425,0.10902022482158,0.344461965117163,3421.68023321277,0.09901933231398,0.119910264095061
2426,0.10902022482158,0.344461965117163,3421.68023321277,0.09901933231398,0.119910264095061
2427,0.10902022482158,0.344461965117163,3421.68023321277,0.09901933231398,0.119910264095061
2428,0.10902022482158,0.344461965117163,3421.68023321277,0.09901933231398,0.119910264095061
2430,0.10902022482158,0.344461965117163,3421.68023321277,0.09901933231398,0.119910264095061
2455,0.10902022482158,0.344461965117163,3421.68023321277,0.09901933231398,0.119910264095061
2459,0.10902022482158,0.344461965117163,3421.68023321277,0.09901933231398,0.119910264095061
2461,0.10902022482158,0.344461965117163,3421.68023321277,0.09901933231398,0.119910264095061
2465,0.10902022482158,0.344461965117163,3421.68023321277,0.09901933231398,0.119910264095061
2467,0.10902022482158,0.344461965117163,3421.68023321277,0.09901933231398,0.119910264095061
2475,0.10902022482158,0.344461965117163,3421.68023321277,0.09901933231398,0.119910264095061
2476,0.10902022482158,0.344461965117163,3421.68023321277,0.09901933231398,0.119910264095061
2482,0.10902022482158,0.344461965117163,3421.68023321277,0.09901933231398,0.119910264095061
2491,0.10902022482158,0.344461965117163,3421.68023321277,0.09901933231398,0.119910264095061
2495,0.10902022482158,0.344461965117163,3421.68023321277,0.09901933231398,0.119910264095061
2506,0.10902022482158,0.344461965117163,3421.68023321277,0.09901933231398,0.119910264095061
2507,0.10902022482158,0.344461965117163,3421.68023321277,0.09901933231398,0.119910264095061
2509,0.10902022482158,0.344461965117163,3421.68023321277,0.09901933231398,0.119910264095061
2512,0.10902022482158,0.344461965117163,3421.68023321277,0.09901933231398,0.119910264095061
2513,0.10902022482158,0.344461965117163,3421.68023321277,0.09901933231398,0.119910264095061
2519,0.10902022482158,0.344461965117163,3421.68023321277,0.09901933231398,0.119910264095061
2521,0.10902022482158,0.344461965117163,3421.68023321277,0.09901933231398,0.119910264095061
2532,0.10902022482158,0.344461965117163,3421.68023321277,0.09901933231398,0.119910264095061
2538,0.10902022482158,0.344461965117163,3421.68023321277,0.09901933231398,0.119910264095061
2540,0.10902022482158,0.344461965117163,3421.68023321277,0.09901933231398,0.119910264095061
2541,0.10902022482158,0.344461965117163,3421.68023321277,0.09901933231398,0.119910264095061
2542,0.10902022482158,0.344461965117163,3421.68023321277,0.09901933231398,0.119910264095061
2556,0.10902022482158,0.344461965117163,3421.68023321277,0.09901933231398,0.119910264095061
2559,0.10902022482158,0.344461965117163,3421.68023321277,0.09901933231398,0.119910264095061
2560,0.10902022482158,0.344461965117163,3421.68023321277,0.09901933231398,0.119910264095061
2564,0.10902022482158,0.344461965117163,3421.68023321277,0.09901933231398,0.119910264095061
2576,0.10902022482158,0.344461965117163,3421.68023321277,0.09901933231398,0.119910264095061
2579,0.10902022482158,0.344461965117163,3421.68023321277,0.09901933231398,0.119910264095061
2589,0.10902022482158,0.344461965117163,3421.68023321277,0.09901933231398,0.119910264095061
2595,0.10902022482158,0.344461965117163,3421.68023321277,0.09901933231398,0.119910264095061
2616,0.10902022482158,0.344461965117163,3421.68023321277,0.09901933231398,0.119910264095061
2620,0.10902022482158,0.344461965117163,3421.68023321277,0.09901933231398,0.119910264095061
2622,0.10902022482158,0.344461965117163,3421.68023321277,0.09901933231398,0.119910264095061
2624,0.10902022482158,0.344461965117163,3421.68023321277,0.09901933231398,0.119910264095061
2626,0.10902022482158,0.344461965117163,3421.68023321277,0.09901933231398,0.119910264095061
2628,0.10902022482158,0.344461965117163,3421.68023321277,0.09901933231398,0.119910264095061
2636,0.10902022482158,0.344461965117163,3421.68023321277,0.09901933231398,0.119910264095061
2637,0.10902022482158,0.344461965117163,3421.68023321277,0.09901933231398,0.119910264095061
2642,0.10902022482158,0.344461965117163,3421.68023321277,0.09901933231398,0.119910264095061
2647,0.10902022482158,0.344461965117163,3421.68023321277,0.09901933231398,0.119910264095061
2649,0.10902022482158,0.344461965117163,3421.68023321277,0.09901933231398,0.119910264095061
2659,0.10902022482158,0.344461965117163,3421.68023321277,0.09901933231398,0.119910264095061
2666,0.10902022482158,0.344461965117163,3421.68023321277,0.09901933231398,0.119910264095061
2669,0.10902022482158,0.344461965117163,3421.68023321277,0.09901933231398,0.119910264095061
2671,0.10902022482158,0.344461965117163,3421.68023321277,0.09901933231398,0.119910264095061
2672,0.10902022482158,0.344461965117163,3421.68023321277,0.09901933231398,0.119910264095061
2674,0.10902022482158,0.344461965117163,3421.68023321277,0.09901933231398,0.119910264095061
2676,0.10902022482158,0.344461965117163,3421.68023321277,0.09901933231398,0.119910264095061
2677,0.10902022482158,0.344461965117163,3421.68023321277,0.09901933231398,0.119910264095061
2678,0.10902022482158,0.344461965117163,3421.68023321277,0.09901933231398,0.119910264095061
2680,0.10902022482158,0.344461965117163,3421.68023321277,0.09901933231398,0.119910264095061
2689,0.10902022482158,0.344461965117163,3421.68023321277,0.09901933231398,0.119910264095061
2700,0.10902022482158,0.344461965117163,3421.68023321277,0.09901933231398,0.119910264095061
2704,0.10902022482158,0.344461965117163,3421.68023321277,0.09901933231398,0.119910264095061
2709,0.10902022482158,0.344461965117163,3421.68023321277,0.09901933231398,0.119910264095061
2723,0.10902022482158,0.344461965117163,3421.68023321277,0.09901933231398,0.119910264095061
2730,0.10902022482158,0.344461965117163,3421.68023321277,0.09901933231398,0.119910264095061
2731,0.10902022482158,0.344461965117163,3421.68023321277,0.09901933231398,0.119910264095061
2754,0.10902022482158,0.344461965117163,3421.68023321277,0.09901933231398,0.119910264095061
2764,0.10902022482158,0.344461965117163,3421.68023321277,0.09901933231398,0.119910264095061
2772,0.10902022482158,0.344461965117163,3421.68023321277,0.09901933231398,0.119910264095061
2774,0.10902022482158,0.344461965117163,3421.68023321277,0.09901933231398,0.119910264095061
2775,0.10902022482158,0.344461965117163,3421.68023321277,0.09901933231398,0.119910264095061
2776,0.10902022482158,0.344461965117163,3421.68023321277,0.09901933231398,0.119910264095061
2786,0.10902022482158,0.344461965117163,3421.68023321277,0.09901933231398,0.119910264095061
2787,0.10902022482158,0.344461965117163,3421.68023321277,0.09901933231398,0.119910264095061
2789,0.10902022482158,0.344461965117163,3421.68023321277,0.09901933231398,0.119910264095061
2793,0.10902022482158,0.344461965117163,3421.68023321277,0.09901933231398,0.119910264095061
2804,0.10902022482158,0.344461965117163,3421.68023321277,0.09901933231398,0.119910264095061
2810,0.10902022482158,0.344461965117163,3421.68023321277,0.09901933231398,0.119910264095061
2827,0.10902022482158,0.344461965117163,3421.68023321277,0.09901933231398,0.119910264095061
2837,0.10902022482158,0.344461965117163,3421.68023321277,0.09901933231398,0.119910264095061
2855,0.10902022482158,0.344461965117163,3421.68023321277,0.09901933231398,0.119910264095061
2859,0.10902022482158,0.344461965117163,3421.68023321277,0.09901933231398,0.119910264095061
2860,0.10902022482158,0.344461965117163,3421.68023321277,0.09901933231398,0.119910264095061
2865,0.10902022482158,0.344461965117163,3421.68023321277,0.09901933231398,0.119910264095061
2866,0.10902022482158,0.344461965117163,3421.68023321277,0.09901933231398,0.119910264095061
2873,0.10902022482158,0.344461965117163,3421.68023321277,0.09901933231398,0.119910264095061
2875,0.10902022482158,0.344461965117163,3421.68023321277,0.09901933231398,0.119910264095061
2885,0.10902022482158,0.344461965117163,3421.68023321277,0.09901933231398,0.119910264095061
2886,0.10902022482158,0.344461965117163,3421.68023321277,0.09901933231398,0.119910264095061
2891,0.10902022482158,0.344461965117163,3421.68023321277,0.09901933231398,0.119910264095061
2900,0.10902022482158,0.344461965117163,3421.68023321277,0.09901933231398,0.119910264095061
2902,0.10902022482158,0.344461965117163,3421.68023321277,0.09901933231398,0.119910264095061
2907,0.10902022482158,0.344461965117163,3421.68023321277,0.09901933231398,0.119910264095061
2910,0.10902022482158,0.344461965117163,3421.68023321277,0.09901933231398,0.119910264095061
2913,0.10902022482158,0.344461965117163,3421.68023321277,0.09901933231398,0.119910264095061
2914,0.10902022482158,0.344461965117163,3421.68023321277,0.09901933231398,0.119910264095061
2917,0.10902022482158,0.344461965117163,3421.68023321277,0.09901933231398,0.119910264095061
2919,0.10902022482158,0.344461965117163,3421.68023321277,0.09901933231398,0.119910264095061
2933,0.10902022482158,0.344461965117163,3421.68023321277,0.09901933231398,0.119910264095061
2936,0.10902022482158,0.344461965117163,3421.68023321277,0.09901933231398,0.119910264095061
2938,0.10902022482158,0.344461965117163,3421.68023321277,0.09901933231398,0.119910264095061
2942,0.10902022482158,0.344461965117163,3421.68023321277,0.09901933231398,0.119910264095061
2945,0.10902022482158,0.344461965117163,3421.68023321277,0.09901933231398,0.119910264095061
2948,0.10902022482158,0.344461965117163,3421.68023321277,0.09901933231398,0.119910264095061
2971,0.10902022482158,0.344461965117163,3421.68023321277,0.09901933231398,0.119910264095061
2973,0.10902022482158,0.344461965117163,3421.68023321277,0.09901933231398,0.119910264095061
2981,0.10902022482158,0.344461965117163,3421.68023321277,0.09901933231398,0.119910264095061
2982,0.10902022482158,0.344461965117163,3421.68023321277,0.09901933231398,0.119910264095061
2987,0.10902022482158,0.344461965117163,3421.68023321277,0.09901933231398,0.119910264095061
3007,0.10902022482158,0.344461965117163,3421.68023321277,0.09901933231398,0.119910264095061
3015,0.10902022482158,0.344461965117163,3421.68023321277,0.09901933231398,0.119910264095061
3016,0.10902022482158,0.344461965117163,3421.68023321277,0.09901933231398,0.119910264095061
3017,0.10902022482158,0.344461965117163,3421.68023321277,0.09901933231398,0.119910264095061
3018,0.10902022482158,0.344461965117163,3421.68023321277,0.09901933231398,0.119910264095061
3025,0.10902022482158,0.344461965117163,3421.68023321277,0.09901933231398,0.119910264095061
3037,0.10902022482158,0.344461965117163,3421.68023321277,0.09901933231398,0.119910264095061
3042,0.10902022482158,0.344461965117163,3421.68023321277,0.09901933231398,0.119910264095061
3045,0.10902022482158,0.344461965117163,3421.68023321277,0.09901933231398,0.119910264095061
3046,0.10902022482158,0.344461965117163,3421.68023321277,0.09901933231398,0.119910264095061
3047,0.10902022482158,0.344461965117163,3421.68023321277,0.09901933231398,0.119910264095061
3051,0.10902022482158,0.344461965117163,3421.68023321277,0.09901933231398,0.119910264095061
3059,0.10902022482158,0.344461965117163,3421.68023321277,0.09901933231398,0.119910264095061
3064,0.10902022482158,0.344461965117163,3421.68023321277,0.09901933231398,0.119910264095061
3068,0.10902022482158,0.344461965117163,3421.68023321277,0.09901933231398,0.119910264095061
3070,0.10902022482158,0.344461965117163,3421.68023321277,0.09901933231398,0.119910264095061
3079,0.10902022482158,0.344461965117163,3421.68023321277,0.09901933231398,0.119910264095061
3087,0.10902022482158,0.344461965117163,3421.68023321277,0.09901933231398,0.119910264095061
3099,0.10902022482158,0.344461965117163,3421.68023321277,0.09901933231398,0.119910264095061
3100,0.10902022482158,0.344461965117163,3421.68023321277,0.09901933231398,0.119910264095061
3101,0.10902022482158,0.344461965117163,3421.68023321277,0.09901933231398,0.119910264095061
3104,0.10902022482158,0.344461965117163,3421.68023321277,0.09901933231398,0.119910264095061
3106,0.10902022482158,0.344461965117163,3421.68023321277,0.09901933231398,0.119910264095061
3111,0.10902022482158,0.344461965117163,3421.68023321277,0.09901933231398,0.119910264095061
3113,0.10902022482158,0.344461965117163,3421.68023321277,0.09901933231398,0.119910264095061
3123,0.10902022482158,0.344461965117163,3421.68023321277,0.09901933231398,0.119910264095061
3130,0.10902022482158,0.344461965117163,3421.68023321277,0.09901933231398,0.119910264095061
3132,0.10902022482158,0.344461965117163,3421.68023321277,0.09901933231398,0.119910264095061
3137,0.10902022482158,0.344461965117163,3421.68023321277,0.09901933231398,0.119910264095061
3149,0.10902022482158,0.344461965117163,3421.68023321277,0.09901933231398,0.119910264095061
3151,0.10902022482158,0.344461965117163,3421.68023321277,0.09901933231398,0.119910264095061
3154,0.10902022482158,0.344461965117163,3421.68023321277,0.09901933231398,0.119910264095061
3155,0.10902022482158,0.344461965117163,3421.68023321277,0.09901933231398,0.119910264095061
3163,0.10902022482158,0.344461965117163,3421.68023321277,0.09901933231398,0.119910264095061
3164,0.10902022482158,0.344461965117163,3421.68023321277,0.09901933231398,0.119910264095061
3166,0.10902022482158,0.344461965117163,3421.68023321277,0.09901933231398,0.119910264095061
3167,0.10902022482158,0.344461965117163,3421.68023321277,0.09901933231398,0.119910264095061
3170,0.10902022482158,0.344461965117163,3421.68023321277,0.09901933231398,0.119910264095061
3175,0.10902022482158,0.344461965117163,3421.68023321277,0.09901933231398,0.119910264095061
3176,0.10902022482158,0.344461965117163,3421.68023321277,0.09901933231398,0.119910264095061
3178,0.10902022482158,0.344461965117163,3421.68023321277,0.09901933231398,0.119910264095061
3180,0.10902022482158,0.344461965117163,3421.68023321277,0.09901933231398,0.119910264095061
3188,0.10902022482158,0.344461965117163,3421.68023321277,0.09901933231398,0.119910264095061
3192,0.10902022482158,0.344461965117163,3421.68023321277,0.09901933231398,0.119910264095061
3201,0.10902022482158,0.344461965117163,3421.68023321277,0.09901933231398,0.119910264095061
3202,0.10902022482158,0.344461965117163,3421.68023321277,0.09901933231398,0.119910264095061
3213,0.10902022482158,0.344461965117163,3421.68023321277,0.09901933231398,0.119910264095061
3216,0.10902022482158,0.344461965117163,3421.68023321277,0.09901933231398,0.119910264095061
3218,0.10902022482158,0.344461965117163,3421.68023321277,0.09901933231398,0.119910264095061
3222,0.10902022482158,0.344461965117163,3421.68023321277,0.09901933231398,0.119910264095061
3231,0.10902022482158,0.344461965117163,3421.68023321277,0.09901933231398,0.119910264095061
3232,0.10902022482158,0.344461965117163,3421.68023321277,0.09901933231398,0.119910264095061
3251,0.10902022482158,0.344461965117163,3421.68023321277,0.09901933231398,0.119910264095061
3253,0.10902022482158,0.344461965117163,3421.68023321277,0.09901933231398,0.119910264095061
3255,0.10902022482158,0.344461965117163,3421.68023321277,0.09901933231398,0.119910264095061
3257,0.10902022482158,0.344461965117163,3421.68023321277,0.09901933231398,0.119910264095061
3264,0.10902022482158,0.344461965117163,3421.68023321277,0.09901933231398,0.119910264095061
3276,0.10902022482158,0.344461965117163,3421.68023321277,0.09901933231398,0.119910264095061
3282,0.10902022482158,0.344461965117163,3421.68023321277,0.09901933231398,0.119910264095061
3283,0.10902022482158,0.344461965117163,3421.68023321277,0.09901933231398,0.119910264095061
3284,0.10902022482158,0.344461965117163,3421.68023321277,0.09901933231398,0.119910264095061
3285,0.10902022482158,0.344461965117163,3421.68023321277,0.09901933231398,0.119910264095061
3292,0.10902022482158,0.344461965117163,3421.68023321277,0.09901933231398,0.119910264095061
3304,0.10902022482158,0.344461965117163,3421.68023321277,0.09901933231398,0.119910264095061
3315,0.10902022482158,0.344461965117163,3421.68023321277,0.09901933231398,0.119910264095061
3316,0.10902022482158,0.344461965117163,3421.68023321277,0.09901933231398,0.119910264095061
3318,0.10902022482158,0.344461965117163,3421.68023321277,0.09901933231398,0.119910264095061
3319,0.10902022482158,0.344461965117163,3421.68023321277,0.09901933231398,0.119910264095061
3322,0.10902022482158,0.344461965117163,3421.68023321277,0.09901933231398,0.119910264095061
3323,0.10902022482158,0.344461965117163,3421.68023321277,0.09901933231398,0.119910264095061
3324,0.10902022482158,0.344461965117163,3421.68023321277,0.09901933231398,0.119910264095061
3325,0.10902022482158,0.344461965117163,3421.68023321277,0.09901933231398,0.119910264095061
3328,0.10902022482158,0.344461965117163,3421.68023321277,0.09901933231398,0.119910264095061
3335,0.10902022482158,0.344461965117163,3421.68023321277,0.09901933231398,0.119910264095061
3336,0.10902022482158,0.344461965117163,3421.68023321277,0.09901933231398,0.119910264095061
3350,0.10902022482158,0.344461965117163,3421.68023321277,0.09901933231398,0.119910264095061
3352,0.10902022482158,0.344461965117163,3421.68023321277,0.09901933231398,0.119910264095061
3356,0.10902022482158,0.344461965117163,3421.68023321277,0.09901933231398,0.119910264095061
3361,0.10902022482158,0.344461965117163,3421.68023321277,0.09901933231398,0.119910264095061
3363,0.10902022482158,0.344461965117163,3421.68023321277,0.09901933231398,0.119910264095061
3366,0.10902022482158,0.344461965117163,3421.68023321277,0.09901933231398,0.119910264095061
3371,0.10902022482158,0.344461965117163,3421.68023321277,0.09901933231398,0.119910264095061
3374,0.10902022482158,0.344461965117163,3421.68023321277,0.09901933231398,0.119910264095061
3375,0.10902022482158,0.344461965117163,3421.68023321277,0.09901933231398,0.119910264095061
3377,0.10902022482158,0.344461965117163,3421.68023321277,0.09901933231398,0.119910264095061
3383,0.10902022482158,0.344461965117163,3421.68023321277,0.09901933231398,0.119910264095061
3384,0.10902022482158,0.344461965117163,3421.68023321277,0.09901933231398,0.119910264095061
3391,0.10902022482158,0.344461965117163,3421.68023321277,0.09901933231398,0.119910264095061
3392,0.10902022482158,0.344461965117163,3421.68023321277,0.09901933231398,0.119910264095061
3394,0.10902022482158,0.344461965117163,3421.68023321277,0.09901933231398,0.119910264095061
3397,0.10902022482158,0.344461965117163,3421.68023321277,0.09901933231398,0.119910264095061
3400,0.10902022482158,0.344461965117163,3421.68023321277,0.09901933231398,0.119910264095061
3401,0.10902022482158,0.344461965117163,3421.68023321277,0.09901933231398,0.119910264095061
3405,0.10902022482158,0.344461965117163,3421.68023321277,0.09901933231398,0.119910264095061
3416,0.10902022482158,0.344461965117163,3421.68023321277,0.09901933231398,0.119910264095061
3417,0.10902022482158,0.344461965117163,3421.68023321277,0.09901933231398,0.119910264095061
3430,0.10902022482158,0.344461965117163,3421.68023321277,0.09901933231398,0.119910264095061
3432,0.10902022482158,0.344461965117163,3421.68023321277,0.09901933231398,0.119910264095061
3437,0.10902022482158,0.344461965117163,3421.68023321277,0.09901933231398,0.119910264095061
3438,0.10902022482158,0.344461965117163,3421.68023321277,0.09901933231398,0.119910264095061
3441,0.10902022482158,0.344461965117163,3421.68023321277,0.09901933231398,0.119910264095061
3444,0.10902022482158,0.344461965117163,3421.68023321277,0.09901933231398,0.119910264095061
3447,0.10902022482158,0.344461965117163,3421.68023321277,0.09901933231398,0.119910264095061
3449,0.10902022482158,0.344461965117163,3421.68023321277,0.09901933231398,0.119910264095061
3456,0.10902022482158,0.344461965117163,3421.68023321277,0.09901933231398,0.119910264095061
3460,0.10902022482158,0.344461965117163,3421.68023321277,0.09901933231398,0.119910264095061
3462,0.10902022482158,0.344461965117163,3421.68023321277,0.09901933231398,0.119910264095061
3463,0.10902022482158,0.344461965117163,3421.68023321277,0.09901933231398,0.119910264095061
3467,0.10902022482158,0.344461965117163,3421.68023321277,0.09901933231398,0.119910264095061
3482,0.10902022482158,0.344461965117163,3421.68023321277,0.09901933231398,0.119910264095061
3483,0.10902022482158,0.344461965117163,3421.68023321277,0.09901933231398,0.119910264095061
3493,0.10902022482158,0.344461965117163,3421.68023321277,0.09901933231398,0.119910264095061
3495,0.10902022482158,0.344461965117163,3421.68023321277,0.09901933231398,0.119910264095061
3500,0.10902022482158,0.344461965117163,3421.68023321277,0.09901933231398,0.119910264095061
3501,0.10902022482158,0.344461965117163,3421.68023321277,0.09901933231398,0.119910264095061
3503,0.10902022482158,0.344461965117163,3421.68023321277,0.09901933231398,0.119910264095061
3505,0.10902022482158,0.344461965117163,3421.68023321277,0.09901933231398,0.119910264095061
3506,0.10902022482158,0.344461965117163,3421.68023321277,0.09901933231398,0.119910264095061
3507,0.10902022482158,0.344461965117163,3421.68023321277,0.09901933231398,0.119910264095061
3514,0.10902022482158,0.344461965117163,3421.68023321277,0.09901933231398,0.119910264095061
3517,0.10902022482158,0.344461965117163,3421.68023321277,0.09901933231398,0.119910264095061
3522,0.10902022482158,0.344461965117163,3421.68023321277,0.09901933231398,0.119910264095061
3524,0.10902022482158,0.344461965117163,3421.68023321277,0.09901933231398,0.119910264095061
3529,0.10902022482158,0.344461965117163,3421.68023321277,0.09901933231398,0.119910264095061
3539,0.10902022482158,0.344461965117163,3421.68023321277,0.09901933231398,0.119910264095061
3546,0.10902022482158,0.344461965117163,3421.68023321277,0.09901933231398,0.119910264095061
3555,0.10902022482158,0.344461965117163,3421.68023321277,0.09901933231398,0.119910264095061
3568,0.10902022482158,0.344461965117163,3421.68023321277,0.09901933231398,0.119910264095061
3579,0.10902022482158,0.344461965117163,3421.68023321277,0.09901933231398,0.119910264095061
3582,0.10902022482158,0.344461965117163,3421.68023321277,0.09901933231398,0.119910264095061
3589,0.10902022482158,0.344461965117163,3421.68023321277,0.09901933231398,0.119910264095061
3596,0.10902022482158,0.344461965117163,3421.68023321277,0.09901933231398,0.119910264095061
3603,0.10902022482158,0.344461965117163,3421.68023321277,0.09901933231398,0.119910264095061
3606,0.10902022482158,0.344461965117163,3421.68023321277,0.09901933231398,0.119910264095061
3608,0.10902022482158,0.344461965117163,3421.68023321277,0.09901933231398,0.119910264095061
3613,0.10902022482158,0.344461965117163,3421.68023321277,0.09901933231398,0.119910264095061
3619,0.10902022482158,0.344461965117163,3421.68023321277,0.09901933231398,0.119910264095061
3622,0.10902022482158,0.344461965117163,3421.68023321277,0.09901933231398,0.119910264095061
3624,0.10902022482158,0.344461965117163,3421.68023321277,0.09901933231398,0.119910264095061
3629,0.10902022482158,0.344461965117163,3421.68023321277,0.09901933231398,0.119910264095061
3638,0.10902022482158,0.344461965117163,3421.68023321277,0.09901933231398,0.119910264095061
3642,0.10902022482158,0.344461965117163,3421.68023321277,0.09901933231398,0.119910264095061
3643,0.10902022482158,0.344461965117163,3421.68023321277,0.09901933231398,0.119910264095061
3646,0.10902022482158,0.344461965117163,3421.68023321277,0.09901933231398,0.119910264095061
3650,0.10902022482158,0.344461965117163,3421.68023321277,0.09901933231398,0.119910264095061
3652,0.10902022482158,0.344461965117163,3421.68023321277,0.09901933231398,0.119910264095061
3654,0.10902022482158,0.344461965117163,3421.68023321277,0.09901933231398,0.119910264095061
3656,0.10902022482158,0.344461965117163,3421.68023321277,0.09901933231398,0.119910264095061
3660,0.10902022482158,0.344461965117163,3421.68023321277,0.09901933231398,0.119910264095061
3661,0.10902022482158,0.344461965117163,3421.68023321277,0.09901933231398,0.119910264095061
3662,0.10902022482158,0.344461965117163,3421.68023321277,0.09901933231398,0.119910264095061
3664,0.10902022482158,0.344461965117163,3421.68023321277,0.09901933231398,0.119910264095061
3667,0.10902022482158,0.344461965117163,3421.68023321277,0.09901933231398,0.119910264095061
3682,0.10902022482158,0.344461965117163,3421.68023321277,0.09901933231398,0.119910264095061
3692,0.10902022482158,0.344461965117163,3421.68023321277,0.09901933231398,0.119910264095061
3695,0.10902022482158,0.344461965117163,3421.68023321277,0.09901933231398,0.119910264095061
3697,0.10902022482158,0.344461965117163,3421.68023321277,0.09901933231398,0.119910264095061
3698,0.10902022482158,0.344461965117163,3421.68023321277,0.09901933231398,0.119910264095061
3711,0.10902022482158,0.344461965117163,3421.68023321277,0.09901933231398,0.119910264095061
3720,0.10902022482158,0.344461965117163,3421.68023321277,0.09901933231398,0.119910264095061
3722,0.10902022482158,0.344461965117163,3421.68023321277,0.09901933231398,0.119910264095061
3728,0.10902022482158,0.344461965117163,3421.68023321277,0.09901933231398,0.119910264095061
3739,0.10902022482158,0.344461965117163,3421.68023321277,0.09901933231398,0.119910264095061
3749,0.10902022482158,0.344461965117163,3421.68023321277,0.09901933231398,0.119910264095061
3750,0.10902022482158,0.344461965117163,3421.68023321277,0.09901933231398,0.119910264095061
3757,0.10902022482158,0.344461965117163,3421.68023321277,0.09901933231398,0.119910264095061
3760,0.10902022482158,0.344461965117163,3421.68023321277,0.09901933231398,0.119910264095061
3762,0.10902022482158,0.344461965117163,3421.68023321277,0.09901933231398,0.119910264095061
3765,0.10902022482158,0.344461965117163,3421.68023321277,0.09901933231398,0.119910264095061
3774,0.10902022482158,0.344461965117163,3421.68023321277,0.09901933231398,0.119910264095061
3775,0.10902022482158,0.344461965117163,3421.68023321277,0.09901933231398,0.119910264095061
3777,0.10902022482158,0.344461965117163,3421.68023321277,0.09901933231398,0.119910264095061
3779,0.10902022482158,0.344461965117163,3421.68023321277,0.09901933231398,0.119910264095061
3789,0.10902022482158,0.344461965117163,3421.68023321277,0.09901933231398,0.119910264095061
3797,0.10902022482158,0.344461965117163,3421.68023321277,0.09901933231398,0.119910264095061
3802,0.10902022482158,0.344461965117163,3421.68023321277,0.09901933231398,0.119910264095061
3810,0.10902022482158,0.344461965117163,3421.68023321277,0.09901933231398,0.119910264095061
3818,0.10902022482158,0.344461965117163,3421.68023321277,0.09901933231398,0.119910264095061
3827,0.10902022482158,0.344461965117163,3421.68023321277,0.09901933231398,0.119910264095061
3832,0.10902022482158,0.344461965117163,3421.68023321277,0.09901933231398,0.119910264095061
3835,0.10902022482158,0.344461965117163,3421.68023321277,0.09901933231398,0.119910264095061
3840,0.10902022482158,0.344461965117163,3421.68023321277,0.09901933231398,0.119910264095061
3851,0.10902022482158,0.344461965117163,3421.68023321277,0.09901933231398,0.119910264095061
3853,0.10902022482158,0.344461965117163,3421.68023321277,0.09901933231398,0.119910264095061
3855,0.10902022482158,0.344461965117163,3421.68023321277,0.09901933231398,0.119910264095061
3856,0.10902022482158,0.344461965117163,3421.68023321277,0.09901933231398,0.119910264095061
3858,0.10902022482158,0.344461965117163,3421.68023321277,0.09901933231398,0.119910264095061
3865,0.10902022482158,0.344461965117163,3421.68023321277,0.09901933231398,0.119910264095061
3868,0.10902022482158,0.344461965117163,3421.68023321277,0.09901933231398,0.119910264095061
3869,0.10902022482158,0.344461965117163,3421.68023321277,0.09901933231398,0.119910264095061
3873,0.10902022482158,0.344461965117163,3421.68023321277,0.09901933231398,0.119910264095061
3874,0.10902022482158,0.344461965117163,3421.68023321277,0.09901933231398,0.119910264095061
3894,0.10902022482158,0.344461965117163,3421.68023321277,0.09901933231398,0.119910264095061
3897,0.10902022482158,0.344461965117163,3421.68023321277,0.09901933231398,0.119910264095061
3900,0.10902022482158,0.344461965117163,3421.68023321277,0.09901933231398,0.119910264095061
3901,0.10902022482158,0.344461965117163,3421.68023321277,0.09901933231398,0.119910264095061
3908,0.10902022482158,0.344461965117163,3421.68023321277,0.09901933231398,0.119910264095061
3909,0.10902022482158,0.344461965117163,3421.68023321277,0.09901933231398,0.119910264095061
3915,0.10902022482158,0.344461965117163,3421.68023321277,0.09901933231398,0.119910264095061
3921,0.10902022482158,0.344461965117163,3421.68023321277,0.09901933231398,0.119910264095061
3927,0.10902022482158,0.344461965117163,3421.68023321277,0.09901933231398,0.119910264095061
3932,0.10902022482158,0.344461965117163,3421.68023321277,0.09901933231398,0.119910264095061
3940,0.10902022482158,0.344461965117163,3421.68023321277,0.09901933231398,0.119910264095061
3941,0.10902022482158,0.344461965117163,3421.68023321277,0.09901933231398,0.119910264095061
3950,0.10902022482158,0.344461965117163,3421.68023321277,0.09901933231398,0.119910264095061
3954,0.10902022482158,0.344461965117163,3421.68023321277,0.09901933231398,0.119910264095061
3955,0.10902022482158,0.344461965117163,3421.68023321277,0.09901933231398,0.119910264095061
3956,0.10902022482158,0.344461965117163,3421.68023321277,0.09901933231398,0.119910264095061
3959,0.10902022482158,0.344461965117163,3421.68023321277,0.09901933231398,0.119910264095061
3960,0.10902022482158,0.344461965117163,3421.68023321277,0.09901933231398,0.119910264095061
3966,0.10902022482158,0.344461965117163,3421.68023321277,0.09901933231398,0.119910264095061
3972,0.10902022482158,0.344461965117163,3421.68023321277,0.09901933231398,0.119910264095061
3980,0.10902022482158,0.344461965117163,3421.68023321277,0.09901933231398,0.119910264095061
3996,0.10902022482158,0.344461965117163,3421.68023321277,0.09901933231398,0.119910264095061
4006,0.10902022482158,0.344461965117163,3421.68023321277,0.09901933231398,0.119910264095061
4010,0.10902022482158,0.344461965117163,3421.68023321277,0.09901933231398,0.119910264095061
4013,0.10902022482158,0.344461965117163,3421.68023321277,0.09901933231398,0.119910264095061
4017,0.10902022482158,0.344461965117163,3421.68023321277,0.09901933231398,0.119910264095061
4019,0.10902022482158,0.344461965117163,3421.68023321277,0.09901933231398,0.119910264095061
4023,0.10902022482158,0.344461965117163,3421.68023321277,0.09901933231398,0.119910264095061
4033,0.10902022482158,0.344461965117163,3421.68023321277,0.09901933231398,0.119910264095061
4035,0.10902022482158,0.344461965117163,3421.68023321277,0.09901933231398,0.119910264095061
4037,0.10902022482158,0.344461965117163,3421.68023321277,0.09901933231398,0.119910264095061
4038,0.10902022482158,0.344461965117163,3421.68023321277,0.09901933231398,0.119910264095061
4045,0.10902022482158,0.344461965117163,3421.68023321277,0.09901933231398,0.119910264095061
4050,0.10902022482158,0.344461965117163,3421.68023321277,0.09901933231398,0.119910264095061
4053,0.10902022482158,0.344461965117163,3421.68023321277,0.09901933231398,0.119910264095061
4058,0.10902022482158,0.344461965117163,3421.68023321277,0.09901933231398,0.119910264095061
4065,0.10902022482158,0.344461965117163,3421.68023321277,0.09901933231398,0.119910264095061
4070,0.10902022482158,0.344461965117163,3421.68023321277,0.09901933231398,0.119910264095061
4074,0.10902022482158,0.344461965117163,3421.68023321277,0.09901933231398,0.119910264095061
4076,0.10902022482158,0.344461965117163,3421.68023321277,0.09901933231398,0.119910264095061
4084,0.10902022482158,0.344461965117163,3421.68023321277,0.09901933231398,0.119910264095061
4086,0.10902022482158,0.344461965117163,3421.68023321277,0.09901933231398,0.119910264095061
4097,0.10902022482158,0.344461965117163,3421.68023321277,0.09901933231398,0.119910264095061
4099,0.10902022482158,0.344461965117163,3421.68023321277,0.09901933231398,0.119910264095061
4106,0.10902022482158,0.344461965117163,3421.68023321277,0.09901933231398,0.119910264095061
4107,0.10902022482158,0.344461965117163,3421.68023321277,0.09901933231398,0.119910264095061
4113,0.10902022482158,0.344461965117163,3421.68023321277,0.09901933231398,0.119910264095061
4116,0.10902022482158,0.344461965117163,3421.68023321277,0.09901933231398,0.119910264095061
4119,0.10902022482158,0.344461965117163,3421.68023321277,0.09901933231398,0.119910264095061
4125,0.10902022482158,0.344461965117163,3421.68023321277,0.09901933231398,0.119910264095061
4130,0.10902022482158,0.344461965117163,3421.68023321277,0.09901933231398,0.119910264095061
4136,0.10902022482158,0.344461965117163,3421.68023321277,0.09901933231398,0.119910264095061
4137,0.10902022482158,0.344461965117163,3421.68023321277,0.09901933231398,0.119910264095061
4138,0.10902022482158,0.344461965117163,3421.68023321277,0.09901933231398,0.119910264095061
4141,0.10902022482158,0.344461965117163,3421.68023321277,0.09901933231398,0.119910264095061
4144,0.10902022482158,0.344461965117163,3421.68023321277,0.09901933231398,0.119910264095061
4166,0.10902022482158,0.344461965117163,3421.68023321277,0.09901933231398,0.119910264095061
4169,0.10902022482158,0.344461965117163,3421.68023321277,0.09901933231398,0.119910264095061
4174,0.10902022482158,0.344461965117163,3421.68023321277,0.09901933231398,0.119910264095061
4175,0.10902022482158,0.344461965117163,3421.68023321277,0.09901933231398,0.119910264095061
4179,0.10902022482158,0.344461965117163,3421.68023321277,0.09901933231398,0.119910264095061
4180,0.10902022482158,0.344461965117163,3421.68023321277,0.09901933231398,0.119910264095061
4186,0.10902022482158,0.344461965117163,3421.68023321277,0.09901933231398,0.119910264095061
4194,0.10902022482158,0.344461965117163,3421.68023321277,0.09901933231398,0.119910264095061
4195,0.10902022482158,0.344461965117163,3421.68023321277,0.09901933231398,0.119910264095061
4206,0.10902022482158,0.344461965117163,3421.68023321277,0.09901933231398,0.119910264095061
4210,0.10902022482158,0.344461965117163,3421.68023321277,0.09901933231398,0.119910264095061
4213,0.10902022482158,0.344461965117163,3421.68023321277,0.09901933231398,0.119910264095061
4222,0.10902022482158,0.344461965117163,3421.68023321277,0.09901933231398,0.119910264095061
4227,0.10902022482158,0.344461965117163,3421.68023321277,0.09901933231398,0.119910264095061
4234,0.10902022482158,0.344461965117163,3421.68023321277,0.09901933231398,0.119910264095061
4251,0.10902022482158,0.344461965117163,3421.68023321277,0.09901933231398,0.119910264095061
4252,0.10902022482158,0.344461965117163,3421.68023321277,0.09901933231398,0.119910264095061
4256,0.10902022482158,0.344461965117163,3421.68023321277,0.09901933231398,0.119910264095061
4257,0.10902022482158,0.344461965117163,3421.68023321277,0.09901933231398,0.119910264095061
4258,0.10902022482158,0.344461965117163,3421.68023321277,0.09901933231398,0.119910264095061
4269,0.10902022482158,0.344461965117163,3421.68023321277,0.09901933231398,0.119910264095061
4280,0.10902022482158,0.344461965117163,3421.68023321277,0.09901933231398,0.119910264095061
4284,0.10902022482158,0.344461965117163,3421.68023321277,0.09901933231398,0.119910264095061
4292,0.10902022482158,0.344461965117163,3421.68023321277,0.09901933231398,0.119910264095061
4293,0.10902022482158,0.344461965117163,3421.68023321277,0.09901933231398,0.119910264095061
4296,0.10902022482158,0.344461965117163,3421.68023321277,0.09901933231398,0.119910264095061
4302,0.10902022482158,0.344461965117163,3421.68023321277,0.09901933231398,0.119910264095061
4303,0.10902022482158,0.344461965117163,3421.68023321277,0.09901933231398,0.119910264095061
4310,0.10902022482158,0.344461965117163,3421.68023321277,0.09901933231398,0.119910264095061
4311,0.10902022482158,0.344461965117163,3421.68023321277,0.09901933231398,0.119910264095061
4319,0.10902022482158,0.344461965117163,3421.68023321277,0.09901933231398,0.119910264095061
4320,0.10902022482158,0.344461965117163,3421.68023321277,0.09901933231398,0.119910264095061
4321,0.10902022482158,0.344461965117163,3421.68023321277,0.09901933231398,0.119910264095061
4323,0.10902022482158,0.344461965117163,3421.68023321277,0.09901933231398,0.119910264095061
4324,0.10902022482158,0.344461965117163,3421.68023321277,0.09901933231398,0.119910264095061
4325,0.10902022482158,0.344461965117163,3421.68023321277,0.09901933231398,0.119910264095061
4334,0.10902022482158,0.344461965117163,3421.68023321277,0.09901933231398,0.119910264095061
4345,0.10902022482158,0.344461965117163,3421.68023321277,0.09901933231398,0.119910264095061
4346,0.10902022482158,0.344461965117163,3421.68023321277,0.09901933231398,0.119910264095061
4349,0.10902022482158,0.344461965117163,3421.68023321277,0.09901933231398,0.119910264095061
4361,0.10902022482158,0.344461965117163,3421.68023321277,0.09901933231398,0.119910264095061
4363,0.10902022482158,0.344461965117163,3421.68023321277,0.09901933231398,0.119910264095061
4364,0.10902022482158,0.344461965117163,3421.68023321277,0.09901933231398,0.119910264095061
4367,0.10902022482158,0.344461965117163,3421.68023321277,0.09901933231398,0.119910264095061
4372,0.10902022482158,0.344461965117163,3421.68023321277,0.09901933231398,0.119910264095061
4374,0.10902022482158,0.344461965117163,3421.68023321277,0.09901933231398,0.119910264095061
4386,0.10902022482158,0.344461965117163,3421.68023321277,0.09901933231398,0.119910264095061
4388,0.10902022482158,0.344461965117163,3421.68023321277,0.09901933231398,0.119910264095061
4393,0.10902022482158,0.344461965117163,3421.68023321277,0.09901933231398,0.119910264095061
4397,0.10902022482158,0.344461965117163,3421.68023321277,0.09901933231398,0.119910264095061
4400,0.10902022482158,0.344461965117163,3421.68023321277,0.09901933231398,0.119910264095061
4401,0.10902022482158,0.344461965117163,3421.68023321277,0.09901933231398,0.119910264095061
4404,0.10902022482158,0.344461965117163,3421.68023321277,0.09901933231398,0.119910264095061
4405,0.10902022482158,0.344461965117163,3421.68023321277,0.09901933231398,0.119910264095061
4406,0.10902022482158,0.344461965117163,3421.68023321277,0.09901933231398,0.119910264095061
4412,0.10902022482158,0.344461965117163,3421.68023321277,0.09901933231398,0.119910264095061
4413,0.10902022482158,0.344461965117163,3421.68023321277,0.09901933231398,0.119910264095061
4422,0.10902022482158,0.344461965117163,3421.68023321277,0.09901933231398,0.119910264095061
4423,0.10902022482158,0.344461965117163,3421.68023321277,0.09901933231398,0.119910264095061
4425,0.10902022482158,0.344461965117163,3421.68023321277,0.09901933231398,0.119910264095061
4426,0.10902022482158,0.344461965117163,3421.68023321277,0.09901933231398,0.119910264095061
4427,0.10902022482158,0.344461965117163,3421.68023321277,0.09901933231398,0.119910264095061
4428,0.10902022482158,0.344461965117163,3421.68023321277,0.09901933231398,0.119910264095061
4430,0.10902022482158,0.344461965117163,3421.68023321277,0.09901933231398,0.119910264095061
4431,0.10902022482158,0.344461965117163,3421.68023321277,0.09901933231398,0.119910264095061
